name,company,city,age,est_asset_dollar,company
Hedda,Nunc Inc.,Ludwigsfelde,49,9190476,Vehicula Aliquet Company
Justina,Magna Incorporated,Oevel,64,9876299,Cursus LLC
Ivan,Tellus Nunc Institute,Puno,57,1651185,Phasellus Vitae Mauris Foundation
Illana,Velit Sed Incorporated,Santa Rita,51,4246885,Vitae Aliquam Eros Corporation
Lunea,Elit Dictum Corp.,Choa Chu Kang,38,3205932,Consequat Auctor Nunc Industries
Dustin,Mauris Elit Dictum Limited,Gijón,20,3295976,Arcu Sed LLC
Kenyon,Venenatis Lacus Industries,Cirebon,53,262089,At Pede Cras Corp.
Theodore,Magnis Associates,Neder-Over-Heembeek,38,4468754,Adipiscing Mauris Molestie Limited
Ronan,Eleifend Vitae Erat Corp.,Meer,56,2932472,Sem Foundation
Quinlan,Non Lorem Incorporated,Shenkursk,35,454616,Ipsum Leo Elementum PC
Evangeline,Mauris Sapien LLC,Westport,78,839547,Donec Porttitor Associates
Branden,Mauris LLC,Benalla,66,5691815,Lorem Ipsum Foundation
Kevin,Consectetuer Adipiscing Corporation,Bydgoszcz,27,1684492,Cubilia Curae Phasellus Institute
Coby,Orci Ltd,Stockholm,70,8904254,Convallis Ltd
Veda,Scelerisque Neque Nullam Limited,Tanjung Pinang,25,8448704,Molestie Ltd
Joelle,Luctus Et Inc.,Chandler,44,7829547,Dolor Industries
Alvin,Mauris Ut PC,Tứ Kỳ,78,7092493,Blandit Enim Incorporated
Cruz,Iaculis Corp.,Gebze,30,259759,Tempus Lorem Limited
Dana,Scelerisque Neque Corp.,Sonnino,32,168857,Viverra Donec Tempus Foundation
Meghan,Nec Corp.,Bandar Lampung,30,1894320,Eros LLC
Eaton,In Sodales Consulting,Radebeul,24,3235211,Ipsum Suspendisse LLP
Kellie,Cursus In Foundation,Binjai,33,2412497,Duis Dignissim Tempor Corp.
William,A Arcu LLP,Veraval,46,2746221,Tincidunt Aliquam Corporation
Tatyana,Donec Sollicitudin Adipiscing Corporation,Linköping,43,1675957,Duis Elementum Incorporated
Samantha,Fusce Aliquet Industries,Yên Lạc,31,6516928,Erat Nonummy Limited
Philip,Felis Orci Industries,Miryang,71,1727821,Et Institute
Brandon,Turpis Aliquam Corp.,Mandi Bahauddin,29,7375956,Integer Eu Lacus Company
Tucker,Malesuada Id Incorporated,Ceuta,36,5272162,Sit Corporation
Leo,Urna Nec Luctus Institute,Hinckley,34,4358561,Quam Institute
Honorato,Quis Lectus Corporation,Kawerau,38,2202370,Vel Venenatis Vel PC
Brooke,Ridiculus Mus Corporation,Palmerston,76,4813904,Faucibus Leo In Corporation
Uma,Sodales Mauris Incorporated,Putignano,40,7974877,Nisi Sem LLP
Leonard,Nam Inc.,Kotli,24,8163147,Lobortis Mauris Corp.
Demetria,Eu Dolor Institute,Alto Baudó,74,4145247,Ante Maecenas Foundation
Graham,A Facilisis Non LLC,Mokpo,37,7316296,Sed Dolor PC
Raymond,Quis Urna Ltd,Freiberg,73,9930411,Duis A Institute
Simon,Orci Ut Foundation,Okara,53,7080409,Nec Mollis Vitae Inc.
Kaitlin,Mauris Eu Turpis LLC,Woutersbrakel,57,3884975,Consequat Nec Institute
Rama,Nisl Nulla Eu PC,Mandai,71,1187028,Dui Fusce Diam Incorporated
Charlotte,Quis Arcu PC,Kalush,39,6080418,Arcu Nunc Mauris Foundation
Chloe,Euismod Corporation,Sichuan,56,8750270,Senectus Et Consulting
Xenos,Lectus Corp.,Mollem,52,6750077,Egestas Blandit Nam Institute
Ezekiel,Ipsum Leo Corporation,Guben,75,7251914,Pede Ltd
Oscar,Senectus Et Limited,Gingoog,30,5436289,Egestas Limited
Denise,Dis Parturient Associates,Guizhou,71,3931255,Nisi Consulting
Mariam,Bibendum Incorporated,Jilin,79,9290516,Enim Mauris Corp.
Iris,Risus In Institute,Long Xuyên,66,751836,Aliquam Corp.
Angelica,Leo Elementum LLP,Cauayan,77,6345695,Mollis Duis Inc.
Maisie,A Neque Nullam LLC,Baracaldo,20,8548023,Lectus Justo Foundation
Roanna,Egestas Sed Pharetra Associates,Villa del Rosario,74,2595952,Nisl Elementum Corp.
Hayfa,Ultricies Dignissim Corporation,João Pessoa,26,8401630,Purus Mauris Corp.
Heidi,Et Associates,Springdale,58,2545454,Eu Odio Associates
Briar,Dolor Elit Industries,Teruel,63,5083927,Volutpat PC
Wyatt,Sit Amet Risus PC,Blitar,37,8306453,In Sodales Elit LLP
Macon,Et Rutrum Company,Hisar,56,3689557,Mauris Morbi Corp.
Fitzgerald,Sodales Elit Erat Institute,San Felipe,44,586865,At Libero Morbi Industries
Moana,Nisl Sem Consequat Corporation,Salzburg,24,1395445,Magna Tellus LLP
Zeus,Non Nisi LLC,North-Eastern Islands,75,8060747,Sapien Molestie Corp.
Slade,Augue Eu Tellus Foundation,Jönköping,76,7790496,Est Industries
Charlotte,A Ultricies Corporation,Cork,43,2677240,Blandit Congue In Incorporated
Hadassah,Dolor Tempus LLP,Hillsboro,47,8101097,Donec Est Foundation
Rana,In Felis Nulla PC,Częstochowa,28,1636661,Id Limited
Merrill,Ullamcorper Magna Corp.,Ipatinga,57,3217367,Iaculis Associates
Gareth,Feugiat Institute,Tomohon,57,9402388,Ut Inc.
Megan,Sed Company,Dublin,33,1241632,Tellus Suspendisse Sed PC
Jorden,Eu Arcu Associates,Kavaratti,68,1423976,Porttitor Interdum Foundation
Rogan,Nonummy Fusce Foundation,Parchim	City,26,8647022,Pede Nec Ltd
Jin,Fringilla Cursus Purus Corporation,Ryazan,59,7147507,Quisque Varius Associates
Donovan,Pede Corp.,Tarakan,58,4931956,Ridiculus Company
Anjolie,Non Limited,Pelotas,32,437208,Fusce Associates
Hilel,Aliquam Corp.,Parepare,23,3869351,Cras Pellentesque Corp.
Deborah,Mus Donec Dignissim PC,Ambala Sadar,41,8349195,Ante Ipsum Primis Ltd
Demetrius,Ligula Consectetuer Inc.,Camaçari,66,5963570,Lobortis LLC
Eve,Eu Tellus Phasellus Associates,Lim,46,7367817,Eu Corporation
Rhea,Iaculis Nec Eleifend Consulting,Tambov,74,3867281,Vel Ltd
Harrison,Gravida Corp.,Chimbote,78,8367638,Ac Tellus Corp.
Marshall,Varius Et Institute,Santa Maria a Monte,43,9513943,Lorem Ut LLP
Ahmed,Sed Sem Company,Dublin,33,6037486,Amet Consectetuer PC
Ezekiel,Nostra Per Inceptos LLC,San José,43,5432012,Sed Orci Lobortis Industries
Cecilia,Donec Felis Orci LLC,Izium,73,8095205,Tincidunt Foundation
Serina,Nam Industries,Buenaventura,68,7372240,Tincidunt Aliquam LLC
Susan,Suspendisse Dui Foundation,Tacurong,75,3912884,Maecenas Libero Est Corp.
William,Non Sollicitudin A LLP,São João de Meriti,53,6886806,Ullamcorper Duis LLC
Timon,Pellentesque Habitant LLP,Barranca,41,8786915,Malesuada Fames LLP
Yasir,Nam Ac LLC,Poviglio,49,2760816,Nam Interdum Institute
Stacey,Adipiscing Associates,Nässjö,62,3646563,Mi Incorporated
Aquila,Gravida Molestie Corporation,Bathurst,37,2780633,Tincidunt Nunc Associates
Tarik,Ultrices A Auctor Ltd,Hải Phòng,43,9820894,Sed Pharetra Associates
Fletcher,Lectus Nullam Suscipit Corporation,Rothes,77,3970541,Nulla Cras Eu Ltd
Debra,Scelerisque Mollis Phasellus Incorporated,Ostrowiec Świętokrzyski,46,1771163,Dolor Donec Associates
Dawn,Id Libero Institute,Limón (Puerto Limón],57,6511022,Lacus Ut Limited
Shelly,Amet Orci Ut Institute,Liaoning,53,5996306,Fusce Incorporated
Flynn,A Foundation,Kimberley,39,6523854,Id Institute
Francis,Nec Ante Blandit Corp.,Melitopol,26,7703852,Dignissim Associates
Price,Proin Ultrices Duis Corporation,Barcelona,64,8951494,Aliquam Institute
Amaya,Donec Non Justo PC,Zhejiang,38,5382608,Risus Odio Corp.
Erasmus,Et Malesuada Institute,Fairbanks,38,5540957,Luctus Et Ultrices Ltd
Marvin,Congue Elit LLP,Vadsø,41,3979301,Lorem Luctus Foundation
Sigourney,Vehicula Et Institute,Galway,47,2063180,Quis Diam Ltd
Grace,Nascetur PC,Nha Trang,26,5561418,Non Leo LLP
Tallulah,Phasellus Nulla Integer PC,Göteborg,75,3548381,Ut Institute
Olivia,Nec Incorporated,Gisborne,22,5263993,Magnis Dis Corporation
Wesley,Et Magnis Foundation,Peumo,25,6240214,Ut Sagittis Lobortis Corp.
Jack,Pellentesque Institute,Corral,55,9443413,Nibh Company
Logan,Dolor Donec Fringilla PC,Kamianets-Podilskyi,72,1937950,Mauris Eu Turpis PC
Keelie,Nibh Aliquam Ornare Inc.,San Giovanni Suergiu,48,2167964,Ut Sem Industries
Athena,Nec Leo Associates,Winterswijk,65,7674590,Hendrerit Id Inc.
Chadwick,Facilisi Institute,Nagar,39,6598993,Imperdiet Ornare Consulting
Zelda,Vel Foundation,Ciudad Madero,74,7873784,Lacus Cras Inc.
Myles,Dui Fusce Foundation,Simon's Town,23,6316323,Sit Amet Consectetuer Institute
Alea,Sapien Imperdiet PC,Tank,74,7848276,Sit Corporation
Scarlett,A LLP,Belfast,72,7903761,Vestibulum Nec Euismod Ltd
Constance,Tortor Integer Company,Bear,67,8005600,Dictum Eu Eleifend Limited
Leah,Enim Mauris Quis Industries,Yên Ninh,29,1612161,Purus Nullam Incorporated
Louis,Velit Pellentesque Industries,Afşin,34,6924580,In Felis Nulla Limited
Colby,Aliquet Sem Institute,Ila,40,9621796,Ullamcorper Duis At LLC
Mariam,Hendrerit Id Institute,Belfast,39,2131275,Suspendisse Sagittis Incorporated
Melyssa,Cum PC,Andernach,64,6133834,Erat Inc.
Allen,Libero Donec Consectetuer LLC,Calapan,38,7989946,Aptent Taciti Foundation
Faith,At Fringilla LLC,Klagenfurt,32,6918601,Eget Massa Suspendisse Associates
Hannah,Malesuada Corporation,Palmerston,37,3727812,Enim Condimentum Eget Consulting
Geoffrey,At Velit Limited,Murray Bridge,53,7040659,Enim Nunc Ut Institute
Philip,Enim Etiam Imperdiet Inc.,Makati,24,3893211,Tristique Neque Venenatis Associates
Maryam,Aliquet Nec Ltd,Hong Kong,57,6189554,Donec Company
Nathan,Amet Ultricies Sem Corp.,Arequipa,60,6762418,Vel Faucibus Inc.
MacKensie,Luctus LLP,Borisovka,65,1031570,A Purus Ltd
Byron,Urna Et Arcu Associates,Tianjin,34,2368878,Dictum Cursus LLP
Gabriel,Posuere At Corporation,Houston,59,4059236,Vitae Sodales Nisi Consulting
Charles,Lorem Institute,Quinchao,44,3794360,Quis Arcu Vel LLC
Alexa,Sem Inc.,Alcalá de Henares,68,8651623,Aliquam Adipiscing Lobortis Incorporated
Aline,Magna Malesuada Corp.,Gangneung,66,9918710,Tincidunt Dui Augue LLP
Aristotle,Ornare Sagittis Corp.,Panjim,40,4773164,Eu Tellus Incorporated
Alec,Lobortis Risus In Institute,San Pedro,36,3981098,Gravida Nunc Sed Foundation
Walker,Odio Sagittis Foundation,Villafranca d'Asti,71,4549767,Integer Inc.
Victor,Neque Inc.,Palembang,75,9066784,Lobortis Ultrices Vivamus Associates
Cameran,Ante Nunc Mauris LLC,Barranca,75,5409133,Phasellus In LLC
Caleb,Vulputate Nisi Company,Marina East,37,7460497,Duis Sit Amet Consulting
Martha,Ultricies Adipiscing Corp.,Cerreto di Spoleto,36,6334701,Venenatis Associates
Blossom,Faucibus Morbi Inc.,Dublin,25,873511,Scelerisque Lorem Ipsum PC
Denise,Nec Enim Associates,Santiago,70,3497345,Donec Tempor Inc.
Herman,Massa Foundation,Essex,52,1450125,Tristique Institute
Berk,Eleifend Non Limited,Emalahleni,73,9897361,Orci Institute
Malcolm,Ut Ltd,Tacloban,24,9909166,Ullamcorper Nisl Ltd
Ocean,Tincidunt Corporation,Bunbury,46,2804927,Semper Associates
Jasper,Phasellus Fermentum Foundation,Elx,39,9280071,Eget LLC
Cairo,Semper Auctor Limited,Darıca,62,4013929,Arcu Et LLP
Ezra,Vel Pede LLC,Moncton,75,3194855,Non Ante PC
Aurora,Fringilla Euismod Industries,Guápiles,60,1013264,Sed Pharetra LLC
Walter,Eget Company,Clovenfords,75,3610275,Magna Incorporated
Amity,Ipsum LLC,Asnières-sur-Seine,72,2626755,Neque Sed Corp.
Jescie,Ut LLC,Wanganui,50,449328,Molestie Tortor Corp.
Brenna,Enim Condimentum Industries,Vetlanda,56,7366470,Dolor Sit Incorporated
Stewart,Dolor Sit Company,Rotorua,47,6538130,Lacus Ut LLP
Gabriel,Mauris Magna Industries,Ajaccio,37,1788120,Ac Turpis LLC
Dominic,Mauris Morbi Associates,Woodlands,68,8655312,Ac Risus Industries
Devin,Quis Massa Mauris Industries,Hoogeveen,78,6459579,Pede Cum Corporation
Eric,Ultrices Vivamus Rhoncus Inc.,Barranca,61,9656475,Lorem LLP
Zane,Ullamcorper Limited,Ananindeua,27,5062553,Integer Sem Institute
Thor,Proin Sed Institute,Tank,69,5515465,Sapien Aenean Massa Incorporated
Hannah,Sit Amet Consulting,Sicuani,20,7572540,Velit Sed Inc.
Ulysses,Cursus Diam Corporation,Quesada,42,-568,Viverra Donec PC
Yoshio,Sed PC,Melilla,52,4479615,Scelerisque Limited
Shelby,Vestibulum Accumsan Incorporated,Salzburg,40,9445575,Eu Ligula Inc.
Amir,Nunc Mauris Corporation,Los Mochis,20,1679286,Iaculis Aliquet Corp.
Demetria,Nunc Sed Incorporated,Mörfelden-Walldorf,77,9253937,Odio Semper Cursus Limited
Wade,At PC,Hamburg,50,9245492,Sit Amet Company
Ulysses,Parturient Montes Corp.,Pangkalpinang,53,749502,Eget Metus Corporation
Jaden,Sed Et Inc.,Pitalito,73,2150355,Ultrices A Auctor Foundation
Bert,Scelerisque Consulting,Nadrin,19,209250,Nulla At Sem Corporation
Acton,Diam Nunc Inc.,Kohima,35,3629886,Nisl Sem Consequat LLP
Hope,Enim Corporation,Notodden,66,9482312,Non Institute
Riley,Non Lobortis Quis Corp.,Kasli,47,8359643,Et Institute
Amber,Magna Phasellus Company,Madrid,39,951315,Gravida Institute
Elvis,Cursus Vestibulum PC,Bautzen,35,7712565,Nulla Facilisi Sed Associates
Quin,Lobortis Quam Limited,Mati,18,3495446,Pharetra Associates
Lacy,Nonummy Ltd,Tauranga,74,3604195,Vitae Diam Proin Corp.
Orla,Tortor At Company,Mexico City,58,7301244,Pede Malesuada Vel Foundation
Joan,Mauris Rhoncus Corp.,Sankt Johann im Pongau,49,6036009,Ipsum Institute
Addison,Aenean Corporation,Dublin,58,1804744,Lacus Cras Limited
Sheila,Sem Limited,Palembang,66,3227349,Velit Quisque Varius Incorporated
Kylan,Gravida Sit Institute,Oaxaca,49,1886968,Ac Corp.
Samuel,Eget Lacus Mauris Ltd,Seydişehir,62,6150762,Nisi Aenean LLC
Keith,Faucibus Lectus A Corp.,Petrópolis,58,4936226,Vestibulum Neque Inc.
Fredericka,Nulla Eu Neque Institute,Hawera,60,773036,Amet Orci Ut Ltd
Britanney,Dictum Sapien Aenean Corporation,Giyani,63,8545857,In Faucibus LLP
Kessie,Ante Nunc Corp.,Kuruman,64,8161621,Mi Inc.
Sybill,Nunc In Inc.,Scalloway,54,257249,Tellus Eu Corporation
Jamal,Eget Odio Aliquam Limited,Lamitan,59,1776247,Scelerisque Ltd
Ivor,Luctus Sit Amet Incorporated,Santa Bárbara,65,4065508,At Arcu Vestibulum Corp.
Kaitlin,Sit Corp.,Châlons-en-Champagne,63,7357449,Porttitor Scelerisque Foundation
Cadman,Nisi Mauris Foundation,Sooke,75,2304185,Sit Amet Diam Corp.
Ezekiel,Adipiscing Enim Corp.,Bauchi,77,6743000,A Ultricies Adipiscing PC
Sawyer,Tristique Pellentesque Tellus Inc.,Kozan,60,8925611,Euismod Ac Ltd
Graham,Eu Corporation,Murcia,74,3155094,Pede PC
Aaron,Erat LLC,Adelaide,19,9364218,Ac Facilisis Ltd
Beck,Ut Dolor Associates,Saalfelden am Steinernen Meer,65,6885649,Justo Sit Corp.
Jessica,Euismod In Inc.,Dublin,53,9711777,Non Dui Associates
Robert,Suscipit Industries,Gijón,42,7461981,Lorem Incorporated
Travis,Nascetur Ridiculus Incorporated,Anchorage,25,2753266,Eget Metus Eu LLC
Ina,Phasellus Nulla Foundation,Évreux,36,6870111,Pede Et Industries
Basia,Orci Lacus Vestibulum Incorporated,Warri,77,3829613,Ligula Ltd
Leilani,Ut LLC,Drammen,25,5327234,Vestibulum Ante Ipsum Ltd
Isaac,Id Risus Quis Associates,Jaén,44,5547659,Fusce Feugiat Industries
Ulysses,Tempus Scelerisque Limited,Ceuta,65,1186366,Auctor Vitae Foundation
Madeline,Pharetra Sed Ltd,Vinnytsia,55,9891800,Mauris Blandit PC
Lucian,Nec Leo Morbi Institute,Acquafredda,42,7681805,Nibh Foundation
Wayne,Nonummy Ultricies Institute,Tuguegarao,44,5191044,Eu Placerat Company
August,Augue Eu Tellus PC,Umlazi,22,5497587,Aliquam Tincidunt Industries
Caryn,Lacus Etiam Industries,Ketchikan,39,2503624,Phasellus Limited
Rina,Aliquam Enim Inc.,Aubervilliers,51,9810606,Leo In Foundation
Quinlan,Faucibus Orci Limited,Goes,57,5008687,Dapibus Ligula PC
Liberty,Arcu Aliquam Corp.,Port Augusta,44,676080,Ante Ltd
Nero,Sem Semper PC,Drammen,26,9284631,Curae LLC
Vincent,Ultrices Posuere Corp.,Le Puy-en-Velay,69,8064117,Magnis Dis Ltd
Quentin,Mauris Vel Turpis PC,Calco,69,9080540,Mauris A Nunc Incorporated
Cleo,Ipsum Non Arcu Corp.,Anápolis,32,3723955,Adipiscing Elit Ltd
Louis,Luctus Lobortis Inc.,Kidapawan,20,1568023,Ac Turpis PC
Zia,Molestie Tellus Aenean Foundation,Cajazeiras,43,3351479,Nunc Ac LLP
Iris,Orci Luctus LLP,Puno,39,4148165,Id Limited
Kelsey,Blandit Congue Corporation,Quesada,51,4234173,Eu Erat Limited
Zeus,Mi Ac Institute,Dumai,22,8588177,Curabitur Consequat Ltd
Halee,Auctor Ullamcorper PC,Zipaquirá,40,6610461,Pellentesque Eget Dictum Inc.
Donna,Viverra Foundation,Juliaca,18,774784,Tempor Diam Ltd
Lee,Enim Suspendisse Corp.,Amiens,36,4164875,Consectetuer Adipiscing Elit LLC
Moses,Nullam Feugiat Industries,Trondheim,46,7757023,Et Incorporated
Gary,Luctus Et Ultrices LLC,Ludvika,63,409996,Aenean Egestas Incorporated
Gabriel,Tellus Justo Company,Mérida,31,8511278,Eu Incorporated
Wyatt,Proin Ultrices Incorporated,Izium,36,1013320,Nec Ltd
Malik,Et Magnis Dis Ltd,Montluçon,53,2413043,Posuere Enim LLP
Dana,Nunc Mauris Consulting,Reyhanlı,63,9635273,Magnis Dis Incorporated
Reed,Consectetuer Euismod Consulting,Jiangsu,19,3457757,Mauris Limited
Oleg,Turpis Egestas Foundation,Galway,40,635927,Ac Urna Industries
Kirestin,Ante Iaculis Corporation,Bourges,48,9461958,Proin Foundation
Hayley,Mauris Corporation,Yunnan,23,2496469,Elementum Dui Ltd
Sylvester,Proin Institute,Nicoya,72,3623326,Malesuada Vel Venenatis LLP
Craig,Ut Corporation,Mamuju,66,6456343,Tellus Eu Foundation
Jason,Tincidunt Orci LLP,Hamburg,30,4195587,Rutrum Lorem Incorporated
Harrison,Donec Egestas Foundation,Ciudad Victoria,28,9846751,Ornare Lectus Foundation
Damon,Suspendisse Aliquet LLC,Agartala,21,9489115,Ornare Lectus Ante Corp.
Vladimir,Nulla Semper Tellus PC,Copiapó,74,7536775,Nec Leo Limited
Penelope,Vel Institute,Cherkasy,36,3018328,Molestie LLP
Kameko,Lectus Cum Corp.,Braunau am Inn,25,3032391,Ut Cursus Corporation
Honorato,Elit Erat LLC,Serangoon,70,1159022,Sed Auctor Corp.
Wynne,Eleifend LLP,Bremerhaven,60,5438691,Pede Blandit Industries
Zenia,Nisl Arcu Iaculis Ltd,Ryazan,55,8087201,Sed Company
Emerson,Mi Pede Industries,Bida,24,457048,Elementum Purus Accumsan Company
Allistair,Tortor Industries,Siverek,39,4743943,Suspendisse Ac Associates
Wallace,Justo Associates,Friedrichshafen,33,2089668,Sagittis Placerat LLC
Fiona,At Fringilla Corp.,Mokpo,73,2632320,Arcu Iaculis Corporation
Unity,Vitae Sodales LLC,Poltava,69,364969,Magnis Foundation
Kiona,Integer Eu Industries,Doetinchem,42,6868053,Cras Interdum Nunc Incorporated
Astra,Dolor Institute,Palmerston,50,365386,A Malesuada Incorporated
Riley,Egestas Hendrerit Neque Limited,Palma de Mallorca,68,8009386,Vivamus Euismod Company
Freya,Elit Pede Industries,Galway,70,5097449,Gravida Molestie Arcu LLC
Arden,Ante Industries,Minto,42,3646457,Aliquet Molestie Inc.
Heidi,Vehicula Risus Nulla Inc.,Ziarat,48,721851,Nunc Laoreet PC
Ignatius,Lorem Incorporated,Heilbronn,75,4436481,Massa Lobortis Ultrices LLC
Meredith,Congue A Company,Wanganui,35,5829617,Ante Dictum Mi Limited
Xavier,Ante PC,Graaff-Reinet,69,1588526,Ultrices PC
Harding,Nisl Limited,Paranaguá,73,5155400,Nunc Risus LLP
Octavia,Proin Vel Incorporated,Liberia,78,8564897,Eget Volutpat LLP
Ali,Ipsum Donec Sollicitudin Corporation,Vichy,42,1313010,Arcu Ac Industries
Sawyer,Aliquet Lobortis Incorporated,Karachi,21,2915169,Interdum Inc.
Jillian,Morbi Neque Tellus LLC,Calapan,24,4327994,Arcu Ac Orci Limited
Yuri,Orci Luctus Et Corporation,Wels,54,1973380,Vel PC
Plato,Ipsum Limited,Dublin,76,9189027,Phasellus Elit Corp.
Jessica,Curabitur Vel Lectus Corp.,Tvedestrand,21,7545248,Vivamus Rhoncus Donec LLP
Melyssa,Lacinia At Inc.,Gijón,76,9229020,Aliquam Arcu Corp.
Colin,Nam Ac Associates,Ensenada,64,4430877,Purus In Ltd
Yuli,Nisi Dictum Augue LLP,Borlänge,55,4645121,Non Hendrerit Limited
Carla,Quis Pede Suspendisse Associates,Neuss,55,2239399,Nunc Sit LLP
Keegan,Luctus Institute,Konotop,24,5584368,Eleifend Nunc Industries
Kessie,Quam Vel Corp.,Monteleone di Spoleto,29,7607852,Sagittis Placerat LLC
Beatrice,Gravida Foundation,Kostroma,71,1011051,Felis Eget LLP
Alvin,Lacus Quisque Inc.,Murray Bridge,18,34602,Porttitor Tellus LLP
Xanthus,Metus In Inc.,Neubrandenburg,70,7762776,Euismod Enim Etiam Company
Stewart,Vestibulum Nec Corp.,Guadalajara,37,5227734,Orci Quis Lectus LLP
Nathaniel,Tristique Neque Venenatis Corp.,Pike Creek,54,9463867,Aliquet Incorporated
Colleen,Semper Egestas LLP,Caplan,26,3558827,Egestas Aliquam Ltd
Hammett,Sit Amet Risus Foundation,Napier,38,2835891,Vestibulum Mauris Magna LLC
Alec,Dolor Nulla Incorporated,Araban,73,1063412,Rutrum Magna Foundation
Dillon,Cursus Limited,Pocheon,37,5518985,In Nec Orci LLC
Heather,Vitae Erat Incorporated,Gansu,24,7178689,Ultrices PC
Vernon,Vel Nisl Industries,Móstoles,67,574903,Quis Lectus LLC
Christine,Pellentesque A Facilisis PC,Leoben,28,5449765,Neque Vitae Limited
Walter,Dictum Ultricies Ligula Institute,Biên Hòa,61,6052199,Ultrices Duis Ltd
Eric,Interdum Nunc PC,Avesta,23,5663826,Tortor Corp.
Keiko,Aenean Egestas Hendrerit Inc.,Nizhyn,61,6263815,Nulla Integer Corp.
Mercedes,Condimentum Eget Limited,Macquenoise,54,8975703,Tempor LLP
Alma,Vel Est Tempor Associates,Villafalletto,27,5314505,Et Magnis Institute
Malcolm,Praesent Interdum Ligula LLC,Villahermosa,35,8492915,Vitae Foundation
Ciaran,Blandit Viverra Donec Inc.,Seydişehir,47,902945,Non Dapibus Rutrum Associates
Brendan,Tellus Aenean Limited,Barranco Minas,63,5388241,Sit Amet Ltd
Troy,Tincidunt Pede Ac LLC,Vereya,57,7127132,Cursus Limited
Blythe,Tincidunt Inc.,Giarratana,78,5762049,Purus Maecenas LLC
Audra,Etiam Ltd,Tarakan,55,8262195,Tortor Nunc Inc.
Erin,Malesuada Id Limited,Jeonju,59,8426343,Sed Eget Lacus LLP
Porter,Penatibus Et Magnis Associates,Vienna,19,5173096,Eget Lacus Corporation
Audrey,Id Mollis Nec Corp.,Södertälje,72,4329631,Egestas Ltd
Sonia,Nunc Sollicitudin Commodo LLP,Diadema,43,5835485,Nisi Sem Semper Institute
Nathaniel,Elit PC,Nho Quan,48,4607231,Per Conubia Ltd
Axel,Sed Consulting,South Jakarta,61,231130,Tellus Foundation
Ezra,Aliquam Enim Nec Inc.,Tomohon,72,2808073,Tellus Foundation
Leslie,Euismod Est Ltd,Melitopol,37,7438924,Ultrices Sit Institute
Jordan,Lectus Justo Company,Hebei,38,7802953,Sollicitudin LLC
Trevor,Quis Massa PC,Bairnsdale,48,4166875,Nec Ante LLP
Curran,Tempor Augue Ac Incorporated,Siquirres,34,3980312,Sociis Ltd
Jelani,A Neque Nullam LLC,Kropyvnytskyi,57,5085302,Parturient Montes Inc.
Scarlet,Faucibus Orci Luctus Company,Wals-Siezenheim,47,4386276,Ac Associates
Price,Nec Euismod Industries,Rockville,71,512763,Nostra Per Limited
Megan,In Consequat Company,Kamianets-Podilskyi,61,9285187,Accumsan Sed Limited
Hyatt,Risus Quis Incorporated,Ledbury,71,5591603,Lorem Fringilla Incorporated
Rylee,Mollis Incorporated,Jinju,70,2576657,Cras Vehicula Industries
Camille,Risus Donec Ltd,Santa Maria,42,6155168,Integer Company
Chancellor,Rutrum Non Industries,Guápiles,29,7122544,Sit Amet Incorporated
Rogan,Lobortis Class Associates,Caen,68,6229158,Curabitur Dictum Company
Fitzgerald,Arcu Et Incorporated,Anápolis,20,7837062,Nec Tellus Nunc Company
Declan,Eu Eros Associates,Ceuta,70,7119645,Ultrices Posuere Ltd
Calista,Cras Vulputate Velit Corp.,Gyeongsan,53,3003206,Ipsum Foundation
Alana,Venenatis Ltd,Santa Cruz de Tenerife,42,7536895,Eu LLP
Charde,Faucibus Corporation,Bayugan,55,4497130,Vulputate Mauris Incorporated
Zenaida,Suspendisse Ac Ltd,Oviedo,44,8211311,Vitae Aliquam Foundation
Frances,Ut Sagittis PC,Hudiksvall,32,6294608,Pellentesque Limited
Kay,Sit LLC,Ivanovo,43,3839914,Nunc Id Inc.
Fritz,Praesent Luctus Corporation,Kenosha,43,9616008,Scelerisque Lorem LLC
Lucian,Ipsum Dolor Inc.,Jayapura,65,506824,Ut Mi Duis Corp.
Calvin,Nulla Ante Institute,Värnamo,67,62494,Neque In Ornare Industries
Cassady,Convallis Ante Lectus PC,Alphen aan den Rijn,50,3151905,Vitae Corp.
Wanda,Feugiat Lorem Ipsum Corporation,Austin,28,8597356,Nec Tempus Foundation
Rooney,Nibh Phasellus Nulla Incorporated,Valenzuela,19,3039593,Integer Vulputate Associates
Mohammad,Non Company,Aguachica,69,9155616,Cursus PC
Leroy,Dignissim Lacus Associates,Stonewall,47,2661903,Tincidunt Congue Turpis Inc.
Eugenia,Ut Molestie Institute,Karacabey,59,3575885,Erat LLP
Brent,Tellus Imperdiet Limited,Siquirres,33,964747,Vel Mauris Industries
Chanda,Quam Quis Diam Institute,Skegness,38,755967,Nisl Arcu Inc.
Kennan,Proin Incorporated,Maranguape,19,9055096,Vivamus Rhoncus Incorporated
Ivan,Enim Etiam Gravida LLP,Port Blair,26,1022995,Urna Ut Limited
Kamal,Duis Ac Limited,Zamboanga City,43,7704045,Sed Pede Ltd
Ray,Convallis PC,Ingolstadt,68,1244635,Diam LLC
Leah,Ipsum Inc.,Lambersart,72,1319219,Nulla Magna Corp.
Demetrius,Feugiat Lorem Ipsum Limited,Strijtem,64,422027,Urna Limited
Jaquelyn,Nisi Nibh Limited,Skien,56,9014196,Mus Aenean Corporation
Kennan,Nulla Dignissim Foundation,Kuşadası,33,7096198,Euismod Enim Foundation
Armando,Orci Quis Industries,Acapulco,75,8634508,Massa Corporation
Minerva,Sed Corporation,Mielec,41,2009012,Dictum Augue Inc.
Odysseus,Maecenas Ornare LLC,Newquay,36,4408235,Pellentesque Ut Ipsum PC
Brady,Bibendum Fermentum Corporation,Buckie,28,9764749,Magna Et Ipsum Associates
Wynne,Vel Lectus Corp.,Paillaco,46,7917246,Mauris Id Corp.
Athena,Ligula Corporation,Cork,47,8369519,Quam Industries
Kenyon,Metus Foundation,Judenburg,42,7737321,Purus Nullam LLC
Hayes,Eu Inc.,Rastatt,24,3227553,Et Nunc Corp.
Danielle,Dolor Elit Pellentesque Associates,Constantia,49,9367292,Ornare Fusce LLC
Silas,Justo PC,Dublin,73,9091,Nisi A Odio Inc.
Maxwell,Vivamus Rhoncus Donec Industries,Hudiksvall,27,904013,Tincidunt Nibh Ltd
Cedric,Volutpat Nulla Limited,Amstetten,55,2356593,Quisque Varius Nam Company
Felicia,Eget Metus Foundation,Nonsan,46,5323648,Massa Ltd
Yetta,Rutrum Urna Nec Associates,Sukkur,55,3064144,Enim Consequat Purus Institute
Oliver,Nec LLC,Suruç,44,4681524,Molestie Tellus LLP
Russell,Dis Parturient Institute,Mahikeng,43,5124453,Diam Dictum Sapien Institute
Ulric,Magna A Neque Corporation,Pachuca,45,380974,Nam Limited
Glenna,Sed Hendrerit A Corporation,Whangarei,29,7507086,Ridiculus LLC
Deborah,Nibh Lacinia Corp.,Chalon-sur-Saône,39,278814,Mauris Corporation
Anthony,Blandit Mattis Cras Industries,Bergen op Zoom,38,3596193,Ut Mi Duis Industries
Aaron,Cursus Vestibulum Corporation,Nova Iguaçu,61,7869924,Sit Amet Ltd
Zephania,Faucibus Id Libero Limited,Yishun,46,110666,Aliquet PC
Aline,Lectus Pede Ltd,Tando Muhammad Khan,43,176639,Vel Arcu Curabitur LLP
William,Nec Industries,Paya Lebar,47,4316544,Sed Eget Institute
Gray,Fusce Diam Associates,Mosjøen,61,9276499,Cursus Diam Ltd
Owen,Donec Egestas Inc.,Đồng Hới,70,6236456,In LLC
Clayton,Feugiat Metus Incorporated,Tarnów,24,9681779,Auctor Velit Aliquam Inc.
Mannix,Risus Donec Nibh LLC,Pangnirtung,41,8289993,Velit Aliquam Inc.
Arden,Condimentum Donec Foundation,Hamilton,57,8454068,Gravida Sit Institute
Plato,Pellentesque Associates,Boryspil,64,9674856,Nisl Quisque PC
Sharon,Tincidunt Dui LLC,Savannah,63,3874319,Quis Turpis PC
Ayanna,Id Mollis Inc.,Nogales,64,2033028,Nibh Quisque Industries
Nita,Scelerisque Dui Industries,Clackmannan,20,3257630,Pellentesque Tincidunt LLC
Benjamin,Donec Feugiat Incorporated,Shangla,41,4517868,Nonummy Fusce Ltd
Brady,Ullamcorper Duis Inc.,Zielona Góra,43,9242037,Imperdiet Erat Consulting
Madonna,Donec Tempor Est PC,Gaziantep,62,8512738,Neque Pellentesque Massa Ltd
Michael,Luctus Lobortis Industries,Yekaterinburg,50,4466867,Lorem Auctor Incorporated
Cynthia,Nulla At Foundation,Montebelluna,50,3183628,Nunc Sed Orci Consulting
Troy,Ut Lacus PC,Saint-Étienne-du-Rouvray,24,2100608,Ut Tincidunt Corp.
Hayes,Felis Purus Ac Limited,Joinville,71,2038769,Accumsan Laoreet Corp.
Hunter,Nam Porttitor Incorporated,Barranca,70,1643577,Pharetra Quisque Ac Corporation
Ignatius,Aliquet Molestie Institute,Orai,59,4657443,Nec Corporation
Ocean,Vulputate Lacus Corp.,Maracanaú,62,8375146,Tellus Faucibus Leo Industries
Marvin,Justo Sit Foundation,Villavicencio,54,5556608,Lorem Auctor Institute
Anastasia,Fusce Corp.,Märsta,29,3340930,Nonummy Ac Institute
Brenden,Vel Quam Foundation,Querétaro,79,2478388,Malesuada Augue Ut Corp.
Acton,Hendrerit A Arcu LLP,Waiuku,78,9145492,Nulla At Corporation
Carissa,Purus Accumsan Corp.,Kharan,51,4742987,Tristique Pharetra Quisque Corporation
Quamar,Cum Consulting,Wernigerode,45,4819592,Cras Interdum Foundation
Hakeem,Nunc Quisque Foundation,Miraj,25,6259187,Aliquam Adipiscing Lacus Corp.
Palmer,Tempus Non LLP,Gangneung,56,7548805,Morbi Tristique Corp.
Branden,At Egestas A Corp.,Vienna,40,4020160,Aenean Sed Limited
Kitra,Porttitor Eros Inc.,Kano,51,621035,Vivamus PC
Shafira,Eget Volutpat Corp.,Yeongcheon,21,6542819,In Felis Consulting
Brady,In Consectetuer Inc.,Newcastle,78,8659773,Sed Auctor Ltd
Lysandra,Tincidunt Aliquam Industries,Cambridge Bay,36,596774,Ante Ipsum PC
Jason,Lorem Ipsum Dolor LLP,Belfast,22,2616481,A Mi Incorporated
Hayfa,Metus Eu Erat Institute,Bacolod,72,5023632,Diam Duis Mi LLP
Lacy,Sed Est Ltd,Sokoto,50,1904244,Placerat Orci Lacus Foundation
Abra,Feugiat Tellus Foundation,Argenteuil,46,5914111,Vel Pede Institute
Maxine,Suspendisse Corporation,Ulyanovsk,18,6081837,Dapibus Rutrum Justo Industries
Jorden,Sapien LLP,Talisay,22,5112248,Duis PC
Simon,Mauris Inc.,Bremerhaven,70,5563270,Sapien Imperdiet Ornare Foundation
Elmo,Sollicitudin Commodo Limited,Lima,64,4280417,Proin Sed Corporation
Cameron,Tempus Non LLP,Panabo,24,1954962,Ligula Aliquam LLP
Tana,Sed Dictum Company,San Francisco,78,3218840,Quam Corp.
Serina,Magna Nec Associates,Hengelo,27,5639279,Sed Dui Industries
Zachary,Nunc Quisque Institute,Oaxaca,59,7529302,Pretium Et Rutrum Foundation
Alan,Ipsum LLC,Móstoles,64,7818542,Ut Associates
Plato,Pede Nec Foundation,Semarang,67,9489637,Tellus Phasellus Consulting
Guinevere,Non Dui Nec Inc.,Carmen,19,799557,Vitae Aliquet LLC
Kadeem,Hendrerit Id Incorporated,Longueville,59,4067222,Suspendisse Foundation
Tiger,Magna Duis Dignissim Company,Vienna,78,5434809,Cras Lorem Corp.
Xantha,Feugiat Consulting,Delhi,36,9977373,Aliquet Molestie Ltd
Mark,Varius Et Industries,Luhansk,19,2033905,Mauris Ltd
Karina,Auctor Nunc Corp.,Siquirres,28,7848985,Vehicula Risus Inc.
Derek,Interdum LLP,Lạng Sơn,70,3684927,Vitae Industries
Omar,Diam Duis LLP,Gunungsitoli,33,1877334,Rhoncus Ltd
Tyler,Lorem Consulting,Ebenthal in Kärnten,20,7503439,Sociis Natoque PC
Brittany,Aliquam Industries,Stalowa Wola,50,5655892,Euismod Consulting
Josephine,Ut Dolor PC,Hekelgem,74,6319035,Turpis In Condimentum Corporation
Neville,Rutrum LLC,Charlottetown,54,2833715,Proin Vel Industries
Chelsea,Ac Urna Consulting,Belmont,73,5207922,Donec Egestas Associates
Colt,Pede Ultrices Associates,Colwood,67,262001,Nisi A Company
Jerome,Tincidunt Orci Incorporated,Firenze,38,8941360,Vehicula Pellentesque Institute
Stewart,Velit Eu Foundation,Roxas,69,5954147,Egestas LLC
Kennan,Sed Sem Foundation,Picton,40,4785933,Ac Limited
Jamal,Cursus Non Company,Sijsele,43,1157776,Odio Etiam Institute
Tana,Massa Non Corporation,King William's Town,69,8495799,Convallis Est Vitae Incorporated
Rajah,Nulla Eget Incorporated,Guápiles,21,4168215,Imperdiet Nec Corporation
Patience,Mattis Ornare PC,Badajoz,41,3260223,Interdum Curabitur Incorporated
Alea,Hendrerit Donec Corporation,Melilla,28,9066187,Orci Quis Inc.
Clark,Nulla Integer Limited,Castelló,58,9768477,Pede Blandit Congue Corporation
Kasimir,Turpis Egestas Associates,Umlazi,19,3710252,In Consectetuer Ipsum LLP
India,Accumsan Laoreet Ipsum Incorporated,Opole,23,9874250,Ut Pharetra Incorporated
Yoshio,Neque Nullam Ut Corp.,Yaroslavl,51,6451569,Integer Sem Elit Corporation
Travis,Mattis Integer Limited,Cúcuta,64,5300611,Auctor Quis Incorporated
Winifred,Eros Proin Corp.,Empangeni,70,857966,Magna Praesent Interdum LLP
Brian,Ultricies Adipiscing Ltd,Bila Tserkva,78,6296546,Dui Augue Eu Corporation
MacKensie,Facilisis Lorem Tristique Ltd,Hulst,30,7463077,Et Libero Associates
Yetta,Convallis Est Vitae LLC,Cork,42,8839421,Tristique Pharetra LLC
Nathan,Ipsum Ac Foundation,Ravenstein,67,2313711,Et Corp.
Yvette,Nec Ante Associates,Pontypridd,57,6022999,Convallis Erat Limited
Michelle,Mi Ac Corporation,Victor Harbor,18,299361,Dignissim LLP
Kelsie,Sed Eu Associates,Ikot Ekpene,57,550933,Risus Donec Inc.
Rooney,Pretium Aliquet Limited,Jilin,45,9554386,Sagittis Augue PC
Olympia,Ut Erat Incorporated,Cao Bằng,27,6245483,Fringilla Mi Inc.
Kadeem,Sodales Elit Foundation,Finspång,55,6690219,Lacus Varius Institute
Kylee,Proin Institute,Melilla,33,9530377,Blandit At Nisi PC
Yetta,Euismod Est Arcu Corp.,Tangub,63,3402912,Per Inceptos Hymenaeos Ltd
Virginia,Diam Inc.,Owerri,28,8647419,Rutrum Fusce LLC
Sylvester,Quam Quis Industries,Bannu,76,311434,Diam LLC
Kylan,Leo Cras Vehicula PC,Calamar,52,5058,Mauris Magna LLC
Damon,Vitae Risus Industries,Puerto Guzmán,46,7480611,Tristique Aliquet Institute
Jaquelyn,Fringilla Porttitor Corp.,Palayan,78,2326416,Vulputate Eu LLC
Todd,Rutrum Associates,Kurgan,32,360196,Vitae LLP
Ifeoma,Interdum Sed Inc.,Grave,53,9244786,Interdum Foundation
Howard,Mauris Company,Hòa Bình,63,4412,Pretium Et Corporation
Quamar,Malesuada PC,Metro,63,7421675,Eu Tempor Inc.
Jordan,Parturient Consulting,Linz,50,9476717,Duis A Institute
Grady,Dui Corporation,Wanneroo,75,2613625,Integer In Foundation
Quamar,Duis Dignissim Tempor Incorporated,Vị Thanh,19,9483234,Commodo Ipsum LLP
Silas,Nisi A LLC,Jecheon,44,3043876,Lacus Aliquam Incorporated
Malik,Eu Lacus Inc.,Nizhyn,50,7032032,Eu Limited
Raya,Mi Lacinia Consulting,Natales,74,2218196,Dui Foundation
Bethany,Magna Duis Corp.,Burgos,38,8803632,Dui Nec Company
Salvador,Integer Institute,Santander de Quilichao,48,3394236,Nec Cursus A Corp.
Sebastian,Nec Orci Company,Porsgrunn,64,9815892,Eu Tellus Eu LLP
Adara,Arcu Ac Incorporated,Vichy,64,4953412,Tellus Phasellus Associates
Burton,Lectus PC,Spaniard's Bay,64,7957987,Egestas Corporation
Drew,Nisl LLP,Kohima,50,5392205,Lobortis Ltd
Brennan,Molestie Institute,Hà Tĩnh,55,60843,Nisl Arcu Iaculis Ltd
Jeanette,Luctus Lobortis Limited,Ulloa (Barrial],78,5157245,Nulla Incorporated
Tyrone,Vitae Odio Corp.,Valparaíso de Goiás,49,2909114,Etiam Gravida Molestie Incorporated
Harper,Eu Metus Associates,Dörtyol,62,9968774,Commodo Institute
Yetta,Eu Arcu Corporation,Filacciano,50,304237,Vulputate Posuere PC
Herrod,Amet Institute,Moelv,46,5687977,Mauris Integer Associates
Connor,Tempus Scelerisque Corporation,Turgutlu,28,8392427,Erat Corporation
Bevis,Dignissim Tempor Arcu LLC,Murcia,22,1217787,Sed Pede LLC
Daryl,Nibh Industries,Gunsan,39,7373839,Amet Corporation
Tatiana,Nunc Sed Limited,Cajamarca,44,6863685,Et Magnis Dis Ltd
Deirdre,Sit Amet Ante Ltd,Ørsta,37,8321357,Pellentesque Eget Foundation
Jarrod,Pretium Neque Company,Minatitlán,38,7013056,Sed Libero LLC
Regan,Phasellus Fermentum Corporation,Zaria,64,911441,Imperdiet Dictum Foundation
Zachary,Dui Incorporated,Metro,33,3238970,Ipsum Corp.
Lucian,Ultricies Foundation,Picton,72,1694867,Lectus Pede Ultrices Foundation
Hall,Convallis Erat LLP,Joondalup,52,5373043,Nisi LLC
Shana,Orci Phasellus Institute,Kinross,73,2134917,Convallis Est Vitae Ltd
Wayne,Tempus Scelerisque Lorem Inc.,Sicuani,35,4439676,Donec Fringilla Corp.
Joy,Arcu Vestibulum Inc.,Chuncheon,39,8896955,Sagittis Felis Donec Limited
Lacy,Dignissim Industries,Zaria,25,4685813,Non Bibendum Associates
April,Lacinia Orci Ltd,Brønnøysund,29,7343380,Sed Dictum Ltd
Madison,Quis Diam Pellentesque Corp.,Peshawar,67,5874638,Ipsum Dolor Corporation
Merrill,Ipsum Dolor Sit Institute,Sơn La,23,6131581,Et Ultrices Incorporated
Karleigh,Enim Suspendisse Consulting,Adelaide,39,8802618,Venenatis Vel Faucibus LLC
Calista,Cursus Limited,Muñoz,40,2339672,Blandit Congue Associates
Olga,Interdum Nunc Sollicitudin Inc.,Pskov,35,2324228,Quam Vel Sapien Industries
